,User_ID,성별,연령
0,X0010254691714933659,1,34
1,X0013455316779233219,2,70
2,X0019385710745765957,1,47
3,X0019442830801994941,1,32
4,X0032015350750301834,1,56
5,X0040437714409076855,2,63
6,X0060546064543865767,1,30
7,X0080319379158089172,1,39
8,X0088676443599868338,2,25
9,X0113312418671928134,1,26
10,X0140193890593502132,2,68
11,X0145676426465876109,2,56
12,X0175285231787076298,2,40
13,X0177996937041300376,2,30
14,X0203394909997638707,1,46
15,X0209640967062397585,2,60
16,X0210575559057013960,2,52
17,X0212061638066139876,2,57
18,X0214807498644962070,1,51
19,X0215247670892594418,1,44
20,X0216321737024323898,2,63
21,X0221212769369921829,1,57
22,X0241291520095316932,2,54
23,X0247060335368829801,2,67
24,X0251392774322440779,1,75
25,X0285439617596665512,2,81
26,X0286636161588845387,2,83
27,X0295829070632811451,2,42
28,X0298465323177514236,2,56
29,X0301386901660578111,1,47
30,X0312781276809299306,1,55
31,X0314608091836797889,2,50
32,X0327785723698884853,2,85
33,X0333044583416978151,2,73
34,X0339813499954255847,2,46
35,X0342060941186493169,1,68
36,X0348610625361473636,1,39
37,X0377358127202124582,2,63
38,X0392110483605601454,2,70
39,X0395097918011318696,2,82
40,X0405806031336308091,2,45
41,X0412073205247474149,2,32
42,X0413657394880531462,1,32
43,X0422341154717735615,1,35
44,X0455965488226319910,2,38
45,X0456268139651732219,2,74
46,X0471166329698944221,1,68
47,X0472554518406992051,2,42
48,X0473756250702972881,2,66
49,X0474444465014724107,1,57
50,X0486603805283773310,2,32
51,X0503775240443034790,1,35
52,X0514353563147030638,1,42
53,X0532679315083829433,2,42
54,X0537256399475264198,2,59
55,X0572496026694316067,1,46
56,X0606248352401086725,2,64
57,X0613099534023310630,2,57
58,X0625576491039381544,2,77
59,X0637170584222319633,2,30
60,X0661810409959229091,1,47
61,X0668057101990803274,1,46
62,X0693784475092091273,2,58
63,X0698604890950596581,2,34
64,X0703401069578360095,2,43
65,X0720034225720248995,2,49
66,X0730311770295694854,1,39
67,X0743061348227031829,1,71
68,X0749357130499290257,1,47
69,X0762228502784860589,1,50
70,X0764410479830242880,1,42
71,X0774510471813945692,1,35
72,X0774910241059947747,2,29
73,X0779005553198332585,1,25
74,X0779652289103911517,1,54
75,X0785809021912126924,1,47
76,X0791761078322160765,2,85
77,X0796947585904452703,1,57
78,X0803967979372159613,2,40
79,X0809448353684397318,1,42
80,X0823939707811858971,1,67
81,X0828950128790579787,2,52
82,X0837953406890401060,2,47
83,X0848384277975062306,2,82
84,X0848424531375876030,1,53
85,X0853428001738506356,2,82
86,X0861751981142527673,2,36
87,X0866316143886259825,1,55
88,X0867055772289735448,1,77
89,X0873338590822724632,1,53
90,X0875438910676323028,1,69
91,X0879706230138632991,1,64
92,X0888038148131329959,1,50
93,X0895513129120087451,1,37
94,X0902321530762177031,2,60
95,X0959519130918248285,1,46
96,X0960497662201244784,1,29
97,X0960894091378478080,1,81
98,X0983558409008878998,2,44
99,X1000229353920307289,2,64
100,X1025236457578208991,2,40
101,X1042659619648195910,1,51
102,X1053578104200330831,1,40
103,X1069545832401149615,1,66
104,X1091864728115573215,1,42
105,X1092541663293331460,2,37
106,X1111758388561320032,1,81
107,X1137695444463724851,1,59
108,X1173425617012937013,1,73
109,X1173800509457619603,1,66
110,X1180826761489217056,1,63
111,X1187604299724996914,2,88
112,X1200050032879964152,1,46
113,X1244861070946914897,1,38
114,X1251526593848678992,1,42
115,X1261357907046473975,1,61
116,X1267046485150364362,1,60
117,X1270282022669416905,1,48
118,X1273692696443472008,1,47
119,X1287309600618149446,2,51
120,X1293042705638532505,2,44
121,X1326866569239516299,2,59
122,X1334038795686112649,2,56
123,X1334065216483249715,2,88
124,X1343784891986409473,1,69
125,X1351598133567152875,2,57
126,X1351814253524227330,1,48
127,X1362917639137507099,2,45
128,X1366085891300968111,2,39
129,X1367078416516258983,1,64
130,X1367751995500521387,1,56
131,X1372419838512298343,2,73
132,X1374492449383733364,2,57
133,X1379642081393646926,2,65
134,X1385664480883953082,1,59
135,X1386403888886162387,1,72
136,X1397068237478857115,2,52
137,X1407930913718238944,2,67
138,X1415139657132215273,2,60
139,X1424835116294407642,1,30
140,X1428459279388631495,1,51
141,X1429239910168358535,2,67
142,X1460867409971700598,1,68
143,X1479502308544178550,2,56
144,X1481785315876866865,1,50
145,X1490546049023072142,2,63
146,X1503427408240155172,2,53
147,X1503464773660237508,2,65
148,X1523705123036737212,1,74
149,X1534732403393247335,2,50
150,X1547388396998854831,1,32
151,X1551032840031708060,2,72
152,X1557755609090268794,2,50
153,X1564851903768054950,1,57
154,X1574510253998630559,2,53
155,X1580652519185127443,1,56
156,X1583335950610837303,1,49
157,X1592965820874893600,2,28
158,X1603646859671538397,2,25
159,X1619301537888711434,2,64
160,X1619370272889003716,2,86
161,X1621049450812812052,2,88
162,X1626029310980007973,1,40
163,X1639010719447223052,1,52
164,X1651849710474790893,2,31
165,X1666351825965221963,2,38
166,X1666967319651152110,1,65
167,X1667426776398345669,2,50
168,X1668529218379245893,2,85
169,X1668675012460725053,1,60
170,X1671342202952122926,1,50
171,X1680565879481891256,1,75
172,X1685721089375416978,2,44
173,X1685956779400278004,1,59
174,X1688794158644288132,2,86
175,X1689308815062947117,2,30
176,X1696157148419708489,1,43
177,X1697908806996861125,2,42
178,X1715221723297301131,2,71
179,X1719224191789821745,2,47
180,X1720734606777376606,1,74
181,X1725716482622500043,1,35
182,X1728497716491745292,2,39
183,X1748909111583625316,2,37
184,X1753657389323253625,1,37
185,X1763171644640325430,2,35
186,X1771903082506084838,1,55
187,X1790693897930294302,1,68
188,X1793757468297682087,1,49
189,X1804787235043633058,1,28
190,X1806488673459483955,2,35
191,X1811826510751224556,2,44
192,X1813181577540040985,1,59
193,X1815250773870548446,2,46
194,X1819153436272523991,2,39
195,X1846012967591536205,1,61
196,X1848308107559189805,2,34
197,X1849890167843079000,2,36
198,X1861556647298792128,1,39
199,X1874891449721014876,1,39
200,X1876983802327030907,1,62
201,X1886962507346046904,2,39
202,X1898846622602385555,2,57
203,X1903298678581671361,1,29
204,X1919113473840104269,1,48
205,X1921341536882436789,2,85
206,X1925661729049209314,2,56
207,X1929218349101326286,2,52
208,X1934984499838527733,1,65
209,X1941390655310316072,2,60
210,X1973337219919627355,1,77
211,X1974310370427132672,2,68
212,X1982724423914976288,2,35
213,X1990454879730815442,1,37
214,X1996335287442851807,2,30
215,X2003825727800264522,2,67
216,X2009656548357742655,2,60
217,X2011706375772168872,1,48
218,X2013756350754637730,2,80
219,X2029469927243386011,2,43
220,X2033077209424551641,1,67
221,X2059044189588533913,2,49
222,X2059760410473104271,1,43
223,X2065879950461977383,2,65
224,X2074307323541886102,1,45
225,X2101916600847450684,2,25
226,X2104511641877714794,2,53
227,X2123775081745019989,2,66
228,X2125930182975884432,2,47
229,X2137687914143622697,2,52
230,X2150494015157310389,1,50
231,X2153588930493481124,1,75
232,X2162991026292343320,2,32
233,X2164786723890574410,2,26
234,X2167859911096113775,1,41
235,X2168902235847788646,1,53
236,X2170457271360103448,1,59
237,X2171598694816055409,1,64
238,X2176801116357683423,1,33
239,X2179158690176710396,1,60
240,X2187222889355130881,2,43
241,X2187608991788380519,2,84
242,X2187628529525583401,1,47
243,X2193597546648509777,2,66
244,X2197770217406705785,1,57
245,X2198476223296047034,1,48
246,X2198784087692714184,1,51
247,X2199186740082927503,2,86
248,X2204262089683124704,1,33
249,X2220378088020541739,1,29
250,X2220666767688897546,2,52
251,X2232025506342220616,2,66
252,X2242345592360178047,2,44
253,X2250813426376617954,2,53
254,X2257926426167063041,2,62
255,X2277267992736187184,2,44
256,X2282427034430852439,1,33
257,X2283765228590531138,1,60
258,X2296763725171559325,2,88
259,X2297622368579994688,2,31
260,X2313267992499333325,1,65
261,X2326837919883762409,2,56
262,X2336840863662647995,2,43
263,X2349357978199977370,1,41
264,X2367357141493479289,1,30
265,X2370509638132804910,1,34
266,X2372296380655382926,2,46
267,X2377148920117973074,2,73
268,X2391765909759358053,1,67
269,X2396944568558637628,2,46
270,X2409456922317635954,1,32
271,X2413532414871888208,2,34
272,X2415380246512448208,1,34
273,X2422552519399488649,2,31
274,X2475110570981182035,1,41
275,X2488119480895716240,1,35
276,X2489479242960860623,1,86
277,X2509179986246987590,1,56
278,X2518698063305684836,1,38
279,X2523527707382636332,1,70
280,X2533465224252378313,2,63
281,X2556966725024117825,2,52
282,X2560601483811579556,1,40
283,X2569216510055334053,1,85
284,X2572763391621325770,1,40
285,X2576796002441165708,2,49
286,X2580269377575143195,1,46
287,X2589899149777249827,2,54
288,X2605009755714045174,1,48
289,X2611587614441806178,1,64
290,X2642463332292804811,1,69
291,X2677825498610716269,2,65
292,X2683129622756209376,2,63
293,X2684604260682185247,1,47
294,X2691484664468729841,2,65
295,X2700364928077236685,1,78
296,X2706046005549540667,1,63
297,X2726130049811038607,2,27
298,X2727489185761440925,1,52
299,X2730874904757278547,2,77
300,X2741175597325561365,2,40
301,X2744368740229097260,2,43
302,X2744668671886810822,2,57
303,X2749006758679967212,1,75
304,X2753361433216389496,1,78
305,X2753627185932556358,1,82
306,X2773114268052584307,2,46
307,X2774910708693141823,1,39
308,X2779964109757743760,2,50
309,X2780444057206477037,1,41
310,X2786400668763157187,2,31
311,X2792053835286151221,2,30
312,X2793650993212719774,2,65
313,X2798766805203306079,2,77
314,X2818921955456340111,2,49
315,X2819640403078514785,1,47
316,X2838492378681574259,1,71
317,X2841533766484800838,1,79
318,X2870092970504839553,2,37
319,X2874406173532814459,2,43
320,X2874657654334652488,1,61
321,X2913206171589612605,1,54
322,X2913987735253268465,1,36
323,X2928529559969245569,1,77
324,X2931280474975702237,2,47
325,X2934572229567594530,2,30
326,X2947031446538173603,2,60
327,X2947707549601115835,1,69
328,X2948833685525209593,1,68
329,X2957270466527536990,1,67
330,X2966814662164816632,1,53
331,X2974633536456594134,2,83
332,X3008090154722563553,1,43
333,X3014112223674711257,1,40
334,X3017011347691191798,1,40
335,X3022369132460614467,1,48
336,X3027039702776413814,1,69
337,X3028373407009380349,1,73
338,X3032982444478127788,2,58
339,X3041098523388272918,1,78
340,X3054600563373481152,1,51
341,X3068454344212298659,1,63
342,X3082635118187763082,1,27
343,X3090074251362616615,1,45
344,X3108154614253732517,1,51
345,X3110139400746611735,2,58
346,X3111939965546793364,1,61
347,X3114369048403189627,2,76
348,X3115927344403797821,1,40
349,X3128624660775869593,1,57
350,X3148005852934136805,2,31
351,X3152579810108280687,1,57
352,X3186276558909864550,1,43
353,X3192545653065948974,2,33
354,X3206858394913801810,1,74
355,X3208581854122376841,2,73
356,X3214803741766016007,1,80
357,X3218941937414245288,1,27
358,X3236105396990782507,2,62
359,X3244244782899085339,1,50
360,X3247761202311930861,2,32
361,X3247847898301573084,2,48
362,X3263824463435597181,2,48
363,X3265944947976225981,2,47
364,X3282525897355892979,1,66
365,X3293734595463936521,1,63
366,X3297797421738603185,1,73
367,X3298544165752652079,2,70
368,X3300388065109867406,2,67
369,X3301700762913717553,1,54
370,X3302010651565673594,1,49
371,X3324967601543683790,2,53
372,X3331466111596349001,1,46
373,X3334894444495485088,1,39
374,X3349707353047821793,2,25
375,X3351156956221766222,1,31
376,X3351790471117934972,1,61
377,X3371429426812938140,2,51
378,X3372132385200165340,1,66
379,X3380963461364552927,1,79
380,X3393983029867151202,1,36
381,X3400077536096836637,2,39
382,X3400088481149753332,1,46
383,X3405610381978062247,1,55
384,X3425763343665118842,1,56
385,X3427306787279041733,1,77
386,X3433347927821240971,1,56
387,X3441052033776117257,1,84
388,X3469775208481899087,1,49
389,X3506219573425307863,1,70
390,X3508906977673755692,2,52
391,X3523840690036708547,2,58
392,X3527753009208246666,1,45
393,X3529479549083509956,1,57
394,X3540073787645188784,2,49
395,X3574109840204498766,2,60
396,X3579805731912401199,1,40
397,X3583440501338720290,2,58
398,X3606945037814423842,1,72
399,X3620658510885354054,1,25
400,X3620729491449652838,2,56
401,X3622777429540645234,1,38
402,X3622980233230277679,1,53
403,X3627136000368813412,1,39
404,X3634244902392467790,1,42
405,X3636121924492989922,1,32
406,X3667001210728734523,1,45
407,X3674743597232539916,1,31
408,X3683462306821868543,2,38
409,X3687699449112318418,2,29
410,X3698605243095407380,1,33
411,X3713633230740546847,2,42
412,X3721739436754185728,2,61
413,X3722684578362815927,1,58
414,X3725437481551456713,2,57
415,X3727985533377486259,1,40
416,X3731376400499428952,2,65
417,X3779067913734089071,2,70
418,X3781867769431146847,1,28
419,X3783034283427364818,1,44
420,X3785865078236484096,1,60
421,X3788905401978286985,2,38
422,X3791693849263913514,1,68
423,X3792447574433516217,1,89
424,X3805710958874073545,2,59
425,X3827631026496308520,2,30
426,X3833150012642993895,1,52
427,X3868306958905783351,1,41
428,X3890419491343099460,2,55
429,X3893160764540191598,1,46
430,X3897310395376939750,1,67
431,X3903784375893821354,2,42
432,X3934562752116980711,2,37
433,X3939380385683245530,2,62
434,X3947588119357611554,1,47
435,X3954218777440184272,1,72
436,X3961661566142143451,1,33
437,X3969997018426746778,2,40
438,X3970341711398997403,1,31
439,X3976226071239518375,1,75
440,X3976322729155545951,2,49
441,X3977143353169903666,1,51
442,X3981096340053188349,2,48
443,X4003759810338571392,2,57
444,X4015398379442123030,2,82
445,X4029540340118487640,2,63
446,X4030097771962451457,2,64
447,X4061259536580886179,1,51
448,X4066461877371095821,1,54
449,X4071041557584473364,2,37
450,X4072201578621812743,1,42
451,X4077260272734899179,2,54
452,X4079789878231698165,2,35
453,X4080591830428605980,2,71
454,X4098194556550897043,1,59
455,X4099252205833586050,1,48
456,X4103557507319314107,1,50
457,X4120136625712922262,1,64
458,X4123184595947614306,1,66
459,X4131293565164550040,1,64
460,X4133553918191585672,2,49
461,X4135518821650992509,2,29
462,X4158358806208076070,1,58
463,X4161383084859740921,2,31
464,X4163114991720219178,1,49
465,X4172656324118280513,1,37
466,X4174390419314448560,2,39
467,X4174609986836068525,1,49
468,X4190409990158895121,2,70
469,X4204374753400982891,1,32
470,X4235701645008469524,2,71
471,X4239606616106310727,2,57
472,X4262781802922740657,1,36
473,X4275830789323471771,1,47
474,X4294635325197046439,1,29
475,X4303418514996875284,1,66
476,X4307160172754847975,2,78
477,X4320684426706897585,1,45
478,X4326794397503444228,2,75
479,X4328631174306952652,2,48
480,X4331175741909555011,2,35
481,X4341374878613072600,1,33
482,X4349793679345124048,2,50
483,X4356745253527830286,1,61
484,X4363559724990332378,1,57
485,X4372324543863578108,1,89
486,X4372866206584033492,1,50
487,X4382237374448276316,2,40
488,X4383136684353870112,1,66
489,X4408395645554068224,2,78
490,X4431092681197609673,1,46
491,X4432427293563645797,2,54
492,X4438806046111260106,1,67
493,X4440860357513085829,2,40
494,X4455690546841881972,1,44
495,X4457569925326966762,2,43
496,X4460988420387403885,2,46
497,X4468651615069270149,1,58
498,X4480473153534425762,2,51
499,X4488462825207125679,1,67
500,X4494932747575252839,2,65
501,X4497009134462104208,1,63
502,X4498091116409221151,1,59
503,X4504018505108442029,2,30
504,X4507217927997665151,2,54
505,X4508938638795149254,2,45
506,X4522071819207352283,2,55
507,X4524168828544014914,1,73
508,X4525394700179229894,1,69
509,X4533547689625906855,2,70
510,X4547588724689174382,1,29
511,X4577108641333827457,1,71
512,X4578018819151420199,1,32
513,X4598473058779707268,2,64
514,X4610110729154546660,1,87
515,X4611990289401091807,1,64
516,X4614834009493192292,1,41
517,X4615865364123517814,2,65
518,X4623027380266874327,1,72
519,X4652778498876421954,1,62
520,X4660180828890187622,1,50
521,X4665617950916907901,1,81
522,X4673210615233228339,2,86
523,X4674309578430842019,1,59
524,X4693778772984687309,1,69
525,X4705645843660110215,1,31
526,X4709129755409905257,1,64
527,X4722702305338195998,2,64
528,X4731307088244951267,1,32
529,X4733107113400198920,1,66
530,X4750013574050975152,1,42
531,X4769559441015447655,2,65
532,X4774036732990400909,2,74
533,X4786099335216865586,1,70
534,X4794884902545743850,1,41
535,X4812321293028528315,1,36
536,X4813124466963724867,1,41
537,X4827263024999522051,1,73
538,X4841264517530315473,2,64
539,X4849801365079222862,2,66
540,X4852095618551546347,1,34
541,X4888135217415282865,1,33
542,X4895782418978496862,2,66
543,X4917086672193233699,1,45
544,X4919936248638230589,2,42
545,X4922425752301851381,1,45
546,X4927809378851503701,2,79
547,X4928839668625533116,2,37
548,X4929039867563215913,1,61
549,X4941636120146871571,1,50
550,X4953265402509370722,1,74
551,X4959560944115992706,1,46
552,X4960675516011166448,1,51
553,X4974722261597604840,1,40
554,X4979405724772227710,1,43
555,X4985464443987399635,1,36
556,X4987830842382119852,2,52
557,X4991574957956116162,1,50
558,X4992032146677412288,1,51
559,X4993550339341634840,1,57
560,X4996871540335588440,2,45
561,X4996906301797704793,1,81
562,X4997591946888935517,2,58
563,X5001589591316231345,1,55
564,X5034920032157930247,1,61
565,X5041901047466574739,2,65
566,X5055215405122990293,2,68
567,X5061946558023806348,2,34
568,X5066401287334308088,1,61
569,X5070311239906974543,2,55
570,X5095389958870146342,1,72
571,X5096134241174116348,1,86
572,X5103795021060968948,1,51
573,X5106520210529012967,1,28
574,X5114799966625152199,1,47
575,X5115375973898949784,1,62
576,X5127433744437856029,1,28
577,X5143451991854282165,2,25
578,X5158631096510156613,2,80
579,X5165266092461992407,1,49
580,X5179468888924980820,2,53
581,X5185932927569296266,1,50
582,X5223205776502535531,1,68
583,X5224520801739840886,1,51
584,X5245491311514256275,2,45
585,X5248524437751730283,1,54
586,X5255184456916910238,2,78
587,X5259105723555283791,2,58
588,X5281898159504214242,2,31
589,X5290866659901927359,2,64
590,X5293287619616298697,2,42
591,X5293767259050792488,1,50
592,X5296820298828635161,2,40
593,X5297776100678619660,1,60
594,X5299838617375767843,1,49
595,X5300577935293625527,1,47
596,X5303757679620233252,1,70
597,X5318593635993830783,2,44
598,X5321939449889340025,2,68
599,X5331051675194132805,2,69
600,X5364184131538156883,1,60
601,X5366869684409554527,2,56
602,X5375008748899368667,1,29
603,X5416920805292383542,1,25
604,X5421779298505192572,1,81
605,X5427928648802464978,2,76
606,X5438596208348066559,1,37
607,X5460836136227607877,2,34
608,X5482831129257720770,2,56
609,X5483041180861818669,2,40
610,X5490258025220542750,1,41
611,X5497915876910854321,1,33
612,X5499391694125342591,1,59
613,X5505143680379038865,2,33
614,X5508239499200235445,1,67
615,X5529606756629685859,1,68
616,X5566236040687250066,1,48
617,X5576974456883351172,2,56
618,X5585985737477466277,1,80
619,X5587059161284312441,1,47
620,X5594387111559119831,1,25
621,X5596987769102965631,1,36
622,X5601988788336082103,1,65
623,X5610251032332856992,2,42
624,X5630243151259398983,2,42
625,X5636079643637054036,1,65
626,X5636140469662091846,1,58
627,X5643289497442420951,1,30
628,X5690007374965019242,2,74
629,X5699587241185476242,1,71
630,X5709302435726804617,1,67
631,X5710410967452328209,2,60
632,X5715377073457513684,1,61
633,X5755552929534670427,1,52
634,X5757061059759508422,2,43
635,X5759179588876928290,1,59
636,X5776925231600206289,1,58
637,X5787855889945564616,1,52
638,X5798476851697525937,1,54
639,X5810803399093435437,1,68
640,X5823583757170761181,2,60
641,X5838608101985539114,1,30
642,X5872062680336525167,1,65
643,X5874945257580883243,1,53
644,X5889128510578257906,2,54
645,X5899750631206893220,2,54
646,X5928844226258758635,1,56
647,X5955203542523619412,2,39
648,X5956643918898513782,1,72
649,X5957517047984167144,1,70
650,X5959097260401793179,1,30
651,X5982051977145049876,1,53
652,X6007607998216014648,2,55
653,X6015347799852612294,1,47
654,X6016807197665669451,1,54
655,X6017096017423407134,2,65
656,X6024585812819204260,1,68
657,X6026388358190618536,2,70
658,X6031077164242661968,2,70
659,X6032732203730642149,2,34
660,X6034917489106099061,1,66
661,X6053279856215470606,1,62
662,X6054008706421622110,1,52
663,X6055666619646312521,2,76
664,X6062353462237948556,1,30
665,X6067611545848630176,1,48
666,X6075730091288119485,2,32
667,X6082481855980240021,1,44
668,X6084991490336223232,1,31
669,X6099818145119613272,2,48
670,X6100235355690125989,2,38
671,X6105719675918277060,2,25
672,X6144586890095498630,2,71
673,X6153148629087220689,2,62
674,X6166038660272184541,1,53
675,X6179562872024298122,1,48
676,X6182700170652619224,2,85
677,X6186577400405364930,1,57
678,X6205145556884319102,1,41
679,X6211741879950544372,2,56
680,X6212661259247128710,1,42
681,X6229654179994859596,2,64
682,X6237513877520013259,2,60
683,X6242611726622008333,1,73
684,X6246213618299167472,2,75
685,X6269987786785500107,2,43
686,X6270293553792636302,1,47
687,X6274564614677758692,2,68
688,X6279989899984440049,2,55
689,X6303800030934491888,1,57
690,X6329588158272648338,2,41
691,X6333580121551990421,2,46
692,X6343224743504679930,2,65
693,X6345163407127214080,1,53
694,X6346146806172239443,1,77
695,X6360994741557273653,1,83
696,X6366371729130924737,2,33
697,X6369294763799528573,2,57
698,X6371785586294873026,2,50
699,X6386990578307189453,2,43
700,X6394349492951732185,1,77
701,X6397227722733456080,1,46
702,X6398271793946224799,2,26
703,X6401994923473539984,1,60
704,X6419949166647770777,2,58
705,X6432511520800858004,1,49
706,X6441474693266926731,1,29
707,X6442972764592430002,2,46
708,X6446072661433314727,2,61
709,X6450763838677589691,2,67
710,X6451532990833317459,1,52
711,X6457326807426589740,2,56
712,X6483168413720947775,2,46
713,X6489624723329013301,1,34
714,X6493805068648745088,2,64
715,X6494998277026989436,2,72
716,X6500361944376990174,1,35
717,X6519393938940320947,1,37
718,X6526917491776986430,2,46
719,X6540892471630915745,2,81
720,X6552728736004628496,2,47
721,X6564313142945418162,1,39
722,X6572696608218213684,1,51
723,X6578252574007666472,1,83
724,X6580277204962902864,1,29
725,X6580511616527096883,1,85
726,X6582464891870504447,1,44
727,X6589068286865984353,2,80
728,X6614031506854385011,1,46
729,X6622044806006805109,1,71
730,X6628828579566430913,1,50
731,X6642593699479843225,1,63
732,X6651304341802549181,1,29
733,X6693071782173412062,1,63
734,X6707881868054162625,2,73
735,X6714639346178626531,1,58
736,X6714685439674389969,1,54
737,X6744096344102497992,2,53
738,X6748262091669760819,1,45
739,X6765192542713679561,1,58
740,X6770438299777200556,1,58
741,X6772517081247999692,2,69
742,X6798514263823483973,2,73
743,X6811383908681722924,1,67
744,X6825249642951143280,1,59
745,X6841722077814823882,2,66
746,X6890631804855317943,1,56
747,X6895690123655184113,1,58
748,X6911852492917452259,1,64
749,X6914906886375735432,1,47
750,X6916489031985270219,1,78
751,X6921465520867353531,1,37
752,X6935937787984159588,2,51
753,X6941499914694594613,2,32
754,X6941999321347780546,1,71
755,X6959453918245907632,2,56
756,X6970394219105735294,1,62
757,X6977492669012436387,2,47
758,X6992617328750730810,1,75
759,X7010136472820303589,1,47
760,X7033725747850061743,2,82
761,X7054199090622829648,2,75
762,X7060115163012782690,2,47
763,X7073442204680408709,1,35
764,X7087489449510574086,2,39
765,X7095356879948774966,1,49
766,X7102126657654372174,2,39
767,X7103402645402001345,1,56
768,X7103754337134857520,2,63
769,X7105672379443884529,1,57
770,X7115840638357539497,2,51
771,X7117831905011846997,1,38
772,X7129024950997001283,2,50
773,X7132144151776411609,2,73
774,X7138796659677668570,2,61
775,X7145965827508606919,2,55
776,X7164696023081761655,1,74
777,X7196641549322804571,1,67
778,X7202400778635630086,2,48
779,X7208023129691512097,1,67
780,X7221664803573740315,2,62
781,X7230559975923664346,2,46
782,X7245140803303588859,2,68
783,X7250511507047346263,1,37
784,X7255379164314855880,1,43
785,X7263763395708594735,1,38
786,X7288121932702855442,1,55
787,X7288161574055203217,1,52
788,X7288330850462615414,1,75
789,X7303115951676202897,1,58
790,X7319740258593985614,1,51
791,X7320454279026546124,1,54
792,X7327148213849796209,2,84
793,X7328945259415528803,1,67
794,X7334419371723390737,2,35
795,X7337602392493858649,2,30
796,X7341645937326615428,1,48
797,X7342957019419601232,2,48
798,X7344761715691292061,2,63
799,X7360580209733564839,1,47
800,X7372624326027675707,1,45
801,X7375318603896370760,2,78
802,X7379657164016295906,1,68
803,X7388952090533647109,2,54
804,X7395341005611679466,1,73
805,X7401422612323397542,1,38
806,X7421483521150250678,2,88
807,X7481673177472065619,1,59
808,X7492027170371887792,1,70
809,X7504785391953172375,2,63
810,X7506938463854786986,2,60
811,X7507276958100473354,2,75
812,X7523518285114055303,1,53
813,X7528832030309867444,1,62
814,X7528893388683194379,1,47
815,X7537268916714219975,2,42
816,X7565175517471922719,2,30
817,X7565753192957361995,1,37
818,X7583210687622455682,1,44
819,X7591645316685268535,1,27
820,X7602179684464079762,1,67
821,X7602808663541440175,1,55
822,X7605075147543397610,1,50
823,X7608061277999543869,1,35
824,X7628306860440016794,2,79
825,X7629626322503636921,1,36
826,X7634270228366481726,2,55
827,X7646860713766166318,2,29
828,X7653561337875296632,1,26
829,X7684998865060694329,1,45
830,X7689864049608152210,2,25
831,X7699936525300052016,1,64
832,X7723931629238936958,2,57
833,X7742596820430993298,1,44
834,X7748905797412668093,2,53
835,X7752474894223129045,1,79
836,X7760318490912473874,1,31
837,X7762138802488870567,1,55
838,X7768724361477075908,2,65
839,X7771658123949245239,1,60
840,X7798093747798902770,1,54
841,X7799289948333784235,1,68
842,X7813136286643537115,2,35
843,X7858411037571982561,1,66
844,X7865395079218539710,2,65
845,X7871887442115058703,1,47
846,X7872783453721378978,1,56
847,X7877229677122507905,2,61
848,X7879892967246321767,2,59
849,X7915201260902706680,1,36
850,X7919256144250634294,1,47
851,X7932457787476068078,1,68
852,X7936214497698367967,2,75
853,X7937841497636613967,1,59
854,X7964279073018059493,1,76
855,X7975084194310291897,1,26
856,X7992816865960130731,2,67
857,X8005527325190231139,2,49
858,X8017091543080706126,1,40
859,X8033619757089280290,2,42
860,X8055316615297587037,2,48
861,X8070920255025505298,2,73
862,X8071823213978117617,1,47
863,X8076125623953738247,2,52
864,X8082711995075604109,1,33
865,X8096199468578693088,1,35
866,X8097806971858283573,2,87
867,X8117162635417057662,1,33
868,X8121744125362265561,2,42
869,X8145112527314103058,2,75
870,X8149296718612661915,1,33
871,X8163701983214504820,1,29
872,X8165673410658567587,2,52
873,X8176023453269831198,2,25
874,X8178456022085395533,1,30
875,X8188788194498380403,1,53
876,X8192531757372226786,2,86
877,X8199408187193402387,1,55
878,X8211089330043267535,1,69
879,X8217825747633888722,1,54
880,X8221326661768656143,2,54
881,X8229432400322743065,1,49
882,X8249701773355004225,2,65
883,X8254076525970873380,2,59
884,X8278482281971435871,2,73
885,X8281669405930184108,1,32
886,X8282115625163668647,1,52
887,X8296988025955183232,1,64
888,X8300873475336593037,1,51
889,X8301839870369894639,1,63
890,X8319806653169906132,2,48
891,X8323644360934548457,1,43
892,X8328574383326554611,1,49
893,X8334360767889497766,2,42
894,X8363290568900207415,2,44
895,X8391295424874779415,1,66
896,X8401908828587928833,1,44
897,X8408549367252258413,2,41
898,X8431753884809869570,1,67
899,X8434876469904848791,2,86
900,X8434924720550761367,1,67
901,X8466567577116007314,1,69
902,X8477385698781216138,1,62
903,X8492066654515464613,1,55
904,X8492574409436105305,2,33
905,X8493034196955816447,2,79
906,X8493444980874169159,1,71
907,X8505166538551295449,2,40
908,X8515238059130066994,2,71
909,X8515628217400215507,2,46
910,X8523243824318582178,1,36
911,X8529764277704868796,1,78
912,X8534635790150214830,1,46
913,X8567022187941312076,1,52
914,X8583862519985154093,1,56
915,X8589901178386267793,1,47
916,X8599544367236780340,1,61
917,X8611870283639027899,2,61
918,X8641497883194179606,2,39
919,X8650278548215238854,1,30
920,X8659343679716565257,1,33
921,X8680101073356781600,1,52
922,X8686970404127326850,1,56
923,X8688198076404125641,1,35
924,X8692478159983185339,1,34
925,X8695119218542673975,2,43
926,X8704939798586436840,1,37
927,X8715868567658738678,1,54
928,X8718137438224001254,2,56
929,X8721780601949992052,1,56
930,X8730403491058711245,1,43
931,X8731776487409368782,2,36
932,X8734198118112747035,2,44
933,X8741174349433184886,2,74
934,X8742267880507307142,1,60
935,X8746564190984685966,1,69
936,X8748572888554206747,2,51
937,X8754406920625756455,1,30
938,X8766692900687610348,1,40
939,X8771472025940032632,2,62
940,X8781648292693622292,2,57
941,X8790003534863718894,1,76
942,X8790625770167436268,1,59
943,X8797874121465616238,2,62
944,X8805163149292901601,1,48
945,X8811837626288647177,1,70
946,X8812877984912250766,1,66
947,X8834750453021215460,2,42
948,X8838999392661228355,2,65
949,X8850891072351238058,2,64
950,X8865476319230101666,1,32
951,X8876416626138496151,1,32
952,X8884164008288654861,1,61
953,X8886236610784901742,2,60
954,X8890886759859147148,2,49
955,X8899693530006478617,2,32
956,X8933466249362344115,1,57
957,X8939156185891248893,2,46
958,X8944341709954860023,1,61
959,X8967892598912885710,2,88
960,X8970852951189928170,1,73
961,X8976390857387141805,1,53
962,X8981031327187927037,2,30
963,X8982299030708383819,2,37
964,X8982497419933066867,2,37
965,X8999882748598882768,2,41
966,X9007776354896499587,2,45
967,X9023788205198347645,1,30
968,X9034801048508178940,2,70
969,X9038738513130002045,2,47
970,X9040676549413480054,2,68
971,X9042331967260337131,1,35
972,X9044893662880738508,1,53
973,X9049282879139440841,2,59
974,X9051294408518868314,2,67
975,X9055966790623436890,2,35
976,X9056698018103021298,1,71
977,X9073416955474159526,2,45
978,X9098835897158917209,2,46
979,X9104506118299432136,1,41
980,X9115526188983955031,2,70
981,X9125070092932794772,1,49
982,X9133792836259283212,2,64
983,X9136028598980876921,1,49
984,X9144730484495174920,1,42
985,X9148099172821747392,1,53
986,X9150875817146585584,2,47
987,X9155280225864769259,2,29
988,X9155703679955279888,1,39
989,X9163120141947998734,1,53
990,X9166028421661272438,2,77
991,X9172438737477005690,1,54
992,X9197753459871828555,1,60
993,X9209300664120588702,1,41
994,X9211344407087456644,1,76
995,Y0002984606275317649,2,76
996,Y0007972746217782828,2,46
997,Y0008718084983601699,1,48
998,Y0011172009313397020,1,66
999,Y0014597534430206208,1,66
1000,Y0033482607909954011,1,58
1001,Y0035172137297082871,1,54
1002,Y0039583810773771047,2,46
1003,Y0060777747184400862,1,59
1004,Y0070407632580555850,2,25
1005,Y0093067060751535014,2,37
1006,Y0097665995629701620,2,83
1007,Y0110366046363306324,2,67
1008,Y0114178729686448862,1,51
1009,Y0121151563529285517,2,42
1010,Y0122762853295397744,2,51
1011,Y0141915016383868488,1,61
1012,Y0146817137213679292,2,39
1013,Y0153970626948631353,1,34
1014,Y0164539068852949573,2,83
1015,Y0164956567099360978,2,77
1016,Y0185709562538673438,1,35
1017,Y0191885808068823319,1,42
1018,Y0202129116644456817,1,72
1019,Y0204734752345449233,2,62
1020,Y0213746572615198981,2,52
1021,Y0215332143478173853,2,71
1022,Y0218688707337931413,2,53
1023,Y0219842679825470848,1,76
1024,Y0222772108696537703,2,38
1025,Y0235826207624755288,1,42
1026,Y0250371322610289316,1,65
1027,Y0251872606356726808,1,78
1028,Y0260096545932891135,2,44
1029,Y0268352929006558430,1,65
1030,Y0269674922199235314,1,77
1031,Y0288846700794376094,1,65
1032,Y0288859770925309861,2,41
1033,Y0294565203696853688,2,79
1034,Y0309985247865046775,2,39
1035,Y0327958497247883828,2,57
1036,Y0336380672230492001,1,48
1037,Y0340382818639927283,2,70
1038,Y0341601789722240199,2,42
1039,Y0370786830205229654,1,63
1040,Y0372744540994919242,2,40
1041,Y0384073073736955569,1,65
1042,Y0391406163649146859,2,70
1043,Y0393989580823627334,2,35
1044,Y0435820899087274843,2,75
1045,Y0438691801990733168,1,56
1046,Y0450918405465201181,2,66
1047,Y0453184932784098752,1,39
1048,Y0455138031846655244,1,55
1049,Y0463153692990488621,2,35
1050,Y0463935636511543762,2,33
1051,Y0467887007866405245,2,54
1052,Y0472371910151780242,1,83
1053,Y0472547697655813472,1,66
1054,Y0473132490257795197,2,26
1055,Y0499703416031054747,2,52
1056,Y0509731655469401874,2,78
1057,Y0525384207716381812,1,82
1058,Y0532235005882892679,2,42
1059,Y0535357903134299832,2,50
1060,Y0549561181586236828,2,25
1061,Y0559082170695305112,1,32
1062,Y0561281897821366561,2,46
1063,Y0568621759998841130,2,57
1064,Y0576281845362813254,1,44
1065,Y0594582759501286710,1,75
1066,Y0607754836346667257,2,38
1067,Y0657010787623758785,2,63
1068,Y0666697466237748961,1,58
1069,Y0667779122006457724,1,65
1070,Y0691758915902149450,1,35
1071,Y0703784506445992287,2,81
1072,Y0717893377730953035,2,72
1073,Y0733419122643773473,1,26
1074,Y0735849434952782548,2,54
1075,Y0737851897799018918,1,80
1076,Y0745396451855961859,1,62
1077,Y0776582862212869506,1,43
1078,Y0808845532223891476,1,33
1079,Y0814056575052670957,1,58
1080,Y0815070456588524386,1,58
1081,Y0821170367096969334,1,42
1082,Y0821470276267997022,2,65
1083,Y0823558838876221971,2,48
1084,Y0828595664994107315,1,61
1085,Y0856096095359519403,1,63
1086,Y0859971130369270698,1,60
1087,Y0871070522673349425,1,33
1088,Y0878773418718939798,2,48
1089,Y0890184834320208688,2,80
1090,Y0890675075099321767,1,38
1091,Y0896098719903115610,2,42
1092,Y0899796333427199645,2,84
1093,Y0902900672851366751,2,73
1094,Y0910427370779279158,1,39
1095,Y0920659832735536150,1,48
1096,Y0927746459442318379,1,79
1097,Y0945201904854801425,1,53
1098,Y0946011411484677151,1,49
1099,Y0947252548098620004,1,63
1100,Y0988203584506827742,1,40
1101,Y0996677746749631205,2,55
1102,Y1009603554496697372,1,53
1103,Y1026863202903381200,1,51
1104,Y1028977482274188285,2,63
1105,Y1068312355081635156,1,65
1106,Y1074902485812137698,2,51
1107,Y1076216466221389814,1,60
1108,Y1091033848680387490,2,53
1109,Y1103619448801561773,2,69
1110,Y1140830821698414749,1,51
1111,Y1145167776820116775,1,58
1112,Y1155482234175577381,2,34
1113,Y1155718367703604278,1,45
1114,Y1162647180865906401,1,89
1115,Y1163242437279653183,1,25
1116,Y1165074576394813972,2,65
1117,Y1169345919809948392,2,47
1118,Y1185984362608221631,1,29
1119,Y1189168391205176395,1,45
1120,Y1192434082772469096,1,41
1121,Y1195882103659015442,1,58
1122,Y1203325665721816948,1,57
1123,Y1215589832401166000,1,50
1124,Y1217863161248888475,1,30
1125,Y1229873333820521416,2,51
1126,Y1232670848829461097,2,38
1127,Y1244683986338860401,1,46
1128,Y1251668487207586955,2,54
1129,Y1255305093774337991,1,25
1130,Y1257322181543979194,1,88
1131,Y1265166746119936458,1,48
1132,Y1281581034460025621,1,31
1133,Y1317083463356092208,2,45
1134,Y1324546689819241646,1,61
1135,Y1324855352696681095,2,67
1136,Y1328074969990410767,1,42
1137,Y1329377463364715414,2,68
1138,Y1347012527992815443,1,35
1139,Y1350861185994379400,2,63
1140,Y1359214595709543250,2,66
1141,Y1362106454319218526,2,72
1142,Y1364787134066124603,1,39
1143,Y1384397369710506227,2,42
1144,Y1420482266100124699,1,76
1145,Y1447779847222505542,1,29
1146,Y1456485395338858593,1,39
1147,Y1473019388652201017,2,53
1148,Y1479284606902891440,2,38
1149,Y1479989257448760357,1,86
1150,Y1481527929981020389,2,73
1151,Y1495264510876017537,2,54
1152,Y1498747296796939916,1,66
1153,Y1511850893556782603,1,38
1154,Y1515209650905605608,1,72
1155,Y1518030714125788239,2,50
1156,Y1521485302595480248,2,57
1157,Y1530561398249031029,1,46
1158,Y1546997348410495404,2,53
1159,Y1547206595110548940,2,78
1160,Y1549731621589440982,1,28
1161,Y1550616174282626487,2,32
1162,Y1567416189751124170,1,52
1163,Y1568678593813698364,1,66
1164,Y1573335242158987957,2,68
1165,Y1573616210974405727,1,41
1166,Y1597999462280812803,2,56
1167,Y1598700484170501707,1,79
1168,Y1631217588228042283,1,63
1169,Y1648486236410022957,1,65
1170,Y1650107169025224275,2,57
1171,Y1656345771944601704,2,55
1172,Y1677884849474727414,2,50
1173,Y1681676855794114813,1,64
1174,Y1687579903382702003,2,40
1175,Y1689084509712519021,2,69
1176,Y1707120610842910888,1,44
1177,Y1731315041913183968,1,66
1178,Y1740443789939839753,1,36
1179,Y1741847179480451316,1,43
1180,Y1741954709841297649,1,47
1181,Y1744364901431395329,2,49
1182,Y1755159136280402169,1,30
1183,Y1764967785974737042,2,63
1184,Y1777115141429041023,2,44
1185,Y1800878995629238059,1,54
1186,Y1805897523099900599,1,62
1187,Y1807560903442760671,2,40
1188,Y1808125897054252743,1,32
1189,Y1825659287732615221,2,63
1190,Y1831844463978126599,2,54
1191,Y1834796479412338599,2,60
1192,Y1840363113886590294,2,57
1193,Y1862873853767826860,2,58
1194,Y1864443639363322253,2,52
1195,Y1868331175527694988,1,52
1196,Y1871635992762270585,1,51
1197,Y1872186632862551547,2,37
1198,Y1886201230501023516,1,85
1199,Y1911053748138864619,2,37
1200,Y1925530249934669390,1,62
1201,Y1939798746721693876,2,56
1202,Y1962805808437611258,1,56
1203,Y1963271853339619418,1,33
1204,Y1979371434848868562,2,53
1205,Y1984970387261595614,1,55
1206,Y1987074999907119639,1,70
1207,Y1991299553034221150,1,45
1208,Y1996370410435565691,1,69
1209,Y2000478561074332610,1,34
1210,Y2004615668558565980,1,74
1211,Y2007284976044495244,2,54
1212,Y2011167133830967291,2,48
1213,Y2011904826993818251,1,68
1214,Y2012522549600109653,2,34
1215,Y2020191516232483902,2,71
1216,Y2028520693440704036,2,53
1217,Y2045206047843575913,2,47
1218,Y2061005772705548286,1,37
1219,Y2062971086639181928,2,69
1220,Y2073392471256126474,1,36
1221,Y2085788419544177797,1,41
1222,Y2112926173339530984,1,47
1223,Y2139664804664761270,1,71
1224,Y2146119327338951799,2,75
1225,Y2147167939089536203,1,40
1226,Y2164009409690233304,2,55
1227,Y2167467320384377419,2,53
1228,Y2169172280561848695,1,40
1229,Y2206731841682428382,2,48
1230,Y2207505609572701481,1,33
1231,Y2210164557128764871,2,75
1232,Y2227132954625892497,1,47
1233,Y2231568498248833519,1,28
1234,Y2248901335492451579,1,56
1235,Y2273933670550765810,2,67
1236,Y2277367860551270091,1,63
1237,Y2288710398588804819,1,32
1238,Y2300644202172776062,2,58
1239,Y2320346236510974308,2,35
1240,Y2340194279258139635,1,31
1241,Y2348225552298655459,1,36
1242,Y2351363211964963692,1,44
1243,Y2354834515293725320,2,37
1244,Y2385130091364482620,1,45
1245,Y2385638408332857159,1,49
1246,Y2393568506141150676,1,59
1247,Y2395888751322831075,1,25
1248,Y2406289797670987262,2,66
1249,Y2431142974710553301,1,34
1250,Y2447107642310099109,1,61
1251,Y2448392506827812840,1,53
1252,Y2451494443789594670,2,41
1253,Y2454398036360633182,1,51
1254,Y2457577016486116651,1,62
1255,Y2466622852898626695,2,31
1256,Y2470585613425503722,2,62
1257,Y2474031879055835664,2,42
1258,Y2485434017319790668,2,65
1259,Y2494870810514014209,2,25
1260,Y2494923531840043929,1,45
1261,Y2496483858496323750,1,82
1262,Y2511104162816960169,2,61
1263,Y2519911343304713465,2,33
1264,Y2521122369975725648,2,74
1265,Y2524081355742620226,1,44
1266,Y2535423389351638988,2,63
1267,Y2540936866810071038,1,60
1268,Y2543745860597594196,1,62
1269,Y2543776640039854457,2,57
1270,Y2544780650137842785,1,32
1271,Y2552626178675891200,2,59
1272,Y2568832658042041270,2,55
1273,Y2591876411871793933,1,54
1274,Y2598502210746385154,1,71
1275,Y2620003846735883043,1,75
1276,Y2657896898233964804,2,52
1277,Y2662846091537692108,2,83
1278,Y2666006355645391550,2,81
1279,Y2669505682778024660,1,56
1280,Y2688953586052817988,1,27
1281,Y2691434261264253356,2,78
1282,Y2697715036974597869,1,61
1283,Y2700734492402937342,1,59
1284,Y2703058320902497509,1,35
1285,Y2705419322207938248,1,42
1286,Y2711410704503291977,1,84
1287,Y2718699480994184853,2,78
1288,Y2723042609556054823,2,58
1289,Y2723761464439441360,1,78
1290,Y2725931436386482464,2,61
1291,Y2726819666415730273,2,50
1292,Y2729652101961164197,2,71
1293,Y2738906783848966835,1,68
1294,Y2745935384130978825,2,47
1295,Y2750236254344207947,2,77
1296,Y2781789033318841363,2,43
1297,Y2784258348558791434,1,65
1298,Y2787873541015938338,2,49
1299,Y2797077430814750149,2,46
1300,Y2816833705434138978,2,63
1301,Y2832245408857953910,1,67
1302,Y2838381659527393859,1,39
1303,Y2850910098680653377,1,40
1304,Y2872370909723709542,1,66
1305,Y2886026775964976789,1,59
1306,Y2894290340353797143,2,33
1307,Y2900944492303678766,1,38
1308,Y2920541298243272830,1,43
1309,Y2942980779471225592,1,41
1310,Y2950005310975460474,1,28
1311,Y2951284688763581472,2,89
1312,Y2952447153672045189,1,41
1313,Y2952564644996725485,2,53
1314,Y2957549054447999553,1,43
1315,Y2959699235456339874,1,33
1316,Y2960690537939881770,2,50
1317,Y2963799372947834286,2,67
1318,Y2966293720940617129,1,39
1319,Y2971116654880580967,1,45
1320,Y2972204708840314271,2,25
1321,Y2988723409697787142,1,42
1322,Y2990938386517783756,2,58
1323,Y2993694819046043735,2,63
1324,Y3004345982193299387,1,58
1325,Y3021436527417061699,1,29
1326,Y3051973661387246552,2,30
1327,Y3052535645909630684,2,32
1328,Y3055268499097556130,1,55
1329,Y3082550862601267750,1,65
1330,Y3086819664955107441,2,62
1331,Y3087146675105087026,1,47
1332,Y3091618258259131672,1,35
1333,Y3091664858106064719,1,54
1334,Y3101236064036394916,1,51
1335,Y3108462078276442057,1,75
1336,Y3111733005111584324,2,69
1337,Y3122581878526640641,2,61
1338,Y3126188824871343261,2,85
1339,Y3154684447057348247,2,70
1340,Y3167038810143980726,1,62
1341,Y3171757736121775895,1,64
1342,Y3189404590841075447,1,52
1343,Y3193493254854323288,2,43
1344,Y3220237653176344350,1,54
1345,Y3223460898099956568,1,72
1346,Y3229057961680312927,1,42
1347,Y3232695496495886828,2,39
1348,Y3234566588832676304,1,45
1349,Y3234983830789588243,2,56
1350,Y3239527340684875646,1,40
1351,Y3240092872164594631,1,52
1352,Y3242629960205945110,2,51
1353,Y3255424730621361077,2,57
1354,Y3256021202988062180,2,28
1355,Y3274174106725164027,1,65
1356,Y3293153203134177714,2,40
1357,Y3295660477227113345,2,84
1358,Y3311236189820594015,1,59
1359,Y3322209762513146733,2,68
1360,Y3339969962902956954,1,53
1361,Y3340069361047519676,1,58
1362,Y3351413681205172701,1,58
1363,Y3357183480268628312,1,61
1364,Y3362255872904570933,2,86
1365,Y3368634375412961940,2,39
1366,Y3399392766415886228,1,39
1367,Y3402589656088291124,1,60
1368,Y3411364561065875708,2,58
1369,Y3413330855287540382,2,75
1370,Y3440902105257089604,2,51
1371,Y3469471033752949696,1,49
1372,Y3484578647487029244,2,46
1373,Y3493609764771543316,1,72
1374,Y3500381905089116400,1,35
1375,Y3507362596860659968,1,47
1376,Y3508923065662036547,1,78
1377,Y3519017526910988511,1,58
1378,Y3540443888284693349,2,53
1379,Y3542716642054139708,2,36
1380,Y3552270988700876186,1,30
1381,Y3553855734795642071,2,64
1382,Y3560229685771314895,1,68
1383,Y3568381655208691075,2,50
1384,Y3569650708183264830,1,49
1385,Y3569725858900533695,2,66
1386,Y3571270764210261633,2,37
1387,Y3602717277003997129,1,44
1388,Y3611286252860329984,2,29
1389,Y3611399993299294843,2,39
1390,Y3613673757433073699,1,53
1391,Y3620915963563143982,2,45
1392,Y3643109240628878596,2,75
1393,Y3649237875824385044,1,82
1394,Y3652634905813675010,2,56
1395,Y3663749760596749153,2,66
1396,Y3711647440849213403,1,41
1397,Y3721940518312934615,2,28
1398,Y3738863987404745460,1,84
1399,Y3739999743339438650,1,66
1400,Y3745344516270583832,1,63
1401,Y3769595454593399656,1,63
1402,Y3773164522479140059,1,57
1403,Y3788927098157992674,2,45
1404,Y3796070559388432755,1,25
1405,Y3797580576279833023,1,63
1406,Y3799560396514410748,1,55
1407,Y3820420226372237198,2,65
1408,Y3821586992480885239,1,66
1409,Y3822022699689732799,2,39
1410,Y3822781604610594825,1,33
1411,Y3839359507291324856,2,32
1412,Y3855090617104846682,2,40
1413,Y3861525099022140411,1,47
1414,Y3864197287935600463,1,38
1415,Y3867847495562778779,2,38
1416,Y3891088624860395268,2,62
1417,Y3897424630542748067,2,56
1418,Y3902922040934236358,2,31
1419,Y3902962583296240358,1,42
1420,Y3905932844063226025,2,48
1421,Y3909207474643593017,2,66
1422,Y3910487648435323025,1,88
1423,Y3914720689920118958,1,51
1424,Y3919379274912323155,2,63
1425,Y3930256909210283093,1,49
1426,Y3935318815674176282,2,58
1427,Y3939878825676935351,2,51
1428,Y3965906790098973002,2,61
1429,Y3982606713359347908,2,51
1430,Y3985362857764430643,2,86
1431,Y4026730468423821728,2,53
1432,Y4031549294906894139,1,63
1433,Y4038265182176198589,1,36
1434,Y4043812441426264958,2,43
1435,Y4049046323848750830,1,37
1436,Y4051012828600642674,1,72
1437,Y4052080979000660855,2,27
1438,Y4067212999700465992,2,68
1439,Y4070799594329366449,1,47
1440,Y4092702534299796589,2,82
1441,Y4099366042659468840,1,29
1442,Y4105443151987183895,2,81
1443,Y4119738038817175257,1,51
1444,Y4141724432006851993,1,59
1445,Y4142691842783501499,2,38
1446,Y4160142543824496358,1,25
1447,Y4163078210952999481,2,65
1448,Y4166938131549494162,2,40
1449,Y4209286440807803586,2,57
1450,Y4218300964320309265,1,52
1451,Y4218679901903107144,1,63
1452,Y4237904494401726536,2,43
1453,Y4253612210081328801,2,50
1454,Y4261599836688426203,2,31
1455,Y4265226305627397115,2,84
1456,Y4329237931349122928,1,25
1457,Y4368820189434939605,1,57
1458,Y4378499765817927097,1,47
1459,Y4381333621991238960,2,49
1460,Y4382380577846426077,1,57
1461,Y4385186857403375112,1,57
1462,Y4397568907984195713,2,38
1463,Y4403576531243976694,1,36
1464,Y4409874842912850137,2,62
1465,Y4418734127936840255,2,69
1466,Y4420951360125504602,2,39
1467,Y4424826621314977678,1,47
1468,Y4444084041264321326,1,51
1469,Y4458496161968069485,2,34
1470,Y4473033715631440717,2,89
1471,Y4478806373472103991,2,32
1472,Y4490449889704059327,1,29
1473,Y4501928668250918599,2,41
1474,Y4515926251249939066,1,53
1475,Y4550194274009828903,1,25
1476,Y4554047607274701323,1,43
1477,Y4556067749495245441,2,32
1478,Y4558938327810329996,1,35
1479,Y4587728930161978970,2,46
1480,Y4597662796539054636,1,41
1481,Y4600735969744201587,2,60
1482,Y4611029482486798697,2,67
1483,Y4621659763759187333,1,74
1484,Y4622270242277718660,2,41
1485,Y4625546182044906526,1,48
1486,Y4649917859251791959,2,43
1487,Y4651421260348207150,1,45
1488,Y4652023861264797361,2,77
1489,Y4671303188843086314,1,49
1490,Y4673793197100396947,1,76
1491,Y4680696938296117033,1,61
1492,Y4682243015951733342,2,44
1493,Y4685072287601351049,1,31
1494,Y4690693525942371250,2,30
1495,Y4718674145056244274,2,25
1496,Y4754233339662830401,2,37
1497,Y4759658502126341997,1,56
1498,Y4764968218740954778,2,42
1499,Y4773367529522503919,1,50
1500,Y4782184600193126283,2,66
1501,Y4787385883996946308,2,31
1502,Y4791793762573196340,1,42
1503,Y4805695976940421671,2,46
1504,Y4811745063063622614,1,58
1505,Y4821480765368333775,2,60
1506,Y4832980576875254769,1,80
1507,Y4834268975377283357,2,78
1508,Y4852088461584391225,2,27
1509,Y4866101852978409055,1,31
1510,Y4868990183637330855,1,84
1511,Y4878142015201645080,2,29
1512,Y4879541814544838558,2,26
1513,Y4886317543494432344,2,29
1514,Y4903712076563608750,1,50
1515,Y4903757142728150938,2,60
1516,Y4904060863877209549,1,55
1517,Y4908988466107884424,2,55
1518,Y4914276992063140375,2,58
1519,Y4918290471757666928,1,68
1520,Y4925801460940411619,1,46
1521,Y4959103760764161509,2,66
1522,Y4969328583161654915,1,40
1523,Y4969396654601149083,2,35
1524,Y4974395370839530529,2,46
1525,Y4977163676571366354,2,40
1526,Y5001969401989795281,2,63
1527,Y5006756224676778181,2,60
1528,Y5008811737342877466,2,43
1529,Y5015767766248843890,1,51
1530,Y5032648625502134601,2,44
1531,Y5035856233550350753,1,52
1532,Y5079900248191039719,2,46
1533,Y5080638196184995062,1,54
1534,Y5080777678906987450,1,32
1535,Y5105852171075525183,2,34
1536,Y5107432665221020145,2,28
1537,Y5109439427185092204,1,29
1538,Y5121322866793129743,1,64
1539,Y5128332701649680274,1,47
1540,Y5137777622326801782,1,43
1541,Y5151150885669461258,1,51
1542,Y5162419113752270325,1,57
1543,Y5171982384257210871,1,81
1544,Y5172074183712247725,1,43
1545,Y5188133070499328172,2,70
1546,Y5192495686086311954,2,40
1547,Y5195360560289151242,2,50
1548,Y5200465246113759868,1,64
1549,Y5217400839128287952,2,44
1550,Y5224500252377275603,1,57
1551,Y5227876442666660082,1,67
1552,Y5239875184135763130,1,80
1553,Y5245481114400874396,2,56
1554,Y5261211062545385136,2,47
1555,Y5261560204837401348,2,70
1556,Y5278175780928263370,2,31
1557,Y5280306155375467897,1,28
1558,Y5282650719086698110,2,25
1559,Y5283092580098348120,1,73
1560,Y5286153931548960287,1,53
1561,Y5306239081068745024,1,72
1562,Y5306897840681023348,2,38
1563,Y5307741165460744657,2,49
1564,Y5323084443850950636,2,43
1565,Y5329324600281949699,1,29
1566,Y5334146432468591160,2,41
1567,Y5340936203157389303,1,30
1568,Y5356266357080086810,2,59
1569,Y5364128140200963284,2,62
1570,Y5370218194598894810,1,34
1571,Y5386370953964208901,2,56
1572,Y5395701056688399211,2,28
1573,Y5410473196180187359,2,42
1574,Y5422797144961880981,2,42
1575,Y5435811984644292065,1,59
1576,Y5436111551055412395,1,49
1577,Y5459509625102355365,1,49
1578,Y5461605987397146880,2,63
1579,Y5463967655344566005,1,69
1580,Y5464456933012475364,2,70
1581,Y5486999307919241004,1,51
1582,Y5501883013567278890,1,54
1583,Y5512352453418744068,2,50
1584,Y5513863995724060499,2,75
1585,Y5528062684336696037,2,26
1586,Y5530484668337033989,1,47
1587,Y5543361009270539805,1,69
1588,Y5544373236793867380,1,52
1589,Y5545987143637489584,2,45
1590,Y5549234012212544903,2,31
1591,Y5554570783088478273,1,66
1592,Y5559996244843226838,1,41
1593,Y5567874454669123659,2,50
1594,Y5572603861252841128,1,57
1595,Y5578749292349550683,2,53
1596,Y5591651511785838099,1,63
1597,Y5611376732064087303,1,51
1598,Y5614119249724279889,1,60
1599,Y5620054868464577035,1,77
1600,Y5624432920081272958,2,60
1601,Y5644948185621021947,1,33
1602,Y5654252465952291436,1,26
1603,Y5654548273169222887,1,52
1604,Y5707450346711864297,2,35
1605,Y5728363266000882027,2,71
1606,Y5729388394231296701,1,36
1607,Y5737197901385997228,1,43
1608,Y5764110112934134369,2,31
1609,Y5777622515514174202,1,57
1610,Y5780494116385553405,2,50
1611,Y5784974957833534359,1,70
1612,Y5785752502994568770,1,29
1613,Y5787494912960152463,2,62
1614,Y5798021414144408760,2,48
1615,Y5806826117232702403,2,60
1616,Y5816816430440292185,1,34
1617,Y5820624705114763907,1,40
1618,Y5843901328194308064,2,37
1619,Y5844981076762473782,1,34
1620,Y5845038713685879399,1,71
1621,Y5846299600898410635,2,58
1622,Y5850324972533124299,1,53
1623,Y5853598095326683176,1,82
1624,Y5853969593521517292,1,55
1625,Y5859398065303876825,2,50
1626,Y5866227403878396571,1,60
1627,Y5871761427022471996,1,60
1628,Y5872926302031195663,1,46
1629,Y5874930628234730271,1,76
1630,Y5880785666879749863,2,39
1631,Y5890700203825516543,1,51
1632,Y5892866577900081275,1,63
1633,Y5921690676158934879,2,32
1634,Y5923780673877936222,2,59
1635,Y5932949124347850998,2,60
1636,Y5956488119105032481,1,37
1637,Y5980513998070064461,2,53
1638,Y5984387311171856207,1,32
1639,Y5985415059234349069,1,86
1640,Y5988169058440976259,1,67
1641,Y5991434804608701605,1,60
1642,Y6006260466715250187,1,60
1643,Y6009189105061334008,1,33
1644,Y6012379397285238315,2,72
1645,Y6017623863546829566,1,32
1646,Y6027039133471867753,2,68
1647,Y6037270546368956029,2,44
1648,Y6038215666159499486,1,39
1649,Y6044356183202388190,2,40
1650,Y6050121631462354245,1,71
1651,Y6073919714772517674,1,54
1652,Y6093464963342158219,2,48
1653,Y6095998895732600250,2,67
1654,Y6099330856149735567,1,60
1655,Y6101108480461185260,2,50
1656,Y6106519723144642236,1,52
1657,Y6111391079176082760,1,73
1658,Y6122328290822337182,2,37
1659,Y6122948053149864573,1,34
1660,Y6141750533567094030,1,53
1661,Y6166559212753114669,1,56
1662,Y6198428090663915792,1,33
1663,Y6200218954464334524,2,30
1664,Y6211937165485588223,1,55
1665,Y6215483783467527828,2,64
1666,Y6237077278532478049,1,51
1667,Y6248824364732518511,1,67
1668,Y6249177784227008976,2,41
1669,Y6270609069347101521,2,70
1670,Y6294794886308898545,1,48
1671,Y6296365828223989746,1,37
1672,Y6317225096640959624,1,78
1673,Y6344619849506706376,1,50
1674,Y6350829089910315474,1,52
1675,Y6354186126392499544,1,49
1676,Y6369305206380963203,1,64
1677,Y6381079037710891856,1,56
1678,Y6402185435880980975,1,51
1679,Y6402966908765028389,1,32
1680,Y6408609956187479688,1,67
1681,Y6418961307898868312,1,34
1682,Y6421115261950498012,2,34
1683,Y6425189660677712823,1,25
1684,Y6438322491801516974,1,66
1685,Y6445359430202284575,2,49
1686,Y6445950753490072451,1,48
1687,Y6446156653029776563,1,32
1688,Y6460813134950159824,2,39
1689,Y6493096343452310189,2,59
1690,Y6494212807257034863,1,35
1691,Y6501410140356760650,1,89
1692,Y6515025314125406953,1,85
1693,Y6526756877402741477,2,45
1694,Y6533947553115862657,1,39
1695,Y6540405138194851730,1,42
1696,Y6540510732896085597,1,49
1697,Y6542148449312210538,1,53
1698,Y6549882481511032773,1,31
1699,Y6554613488188315905,2,66
1700,Y6559225896331068788,1,51
1701,Y6559949978418018791,1,36
1702,Y6565619735625055024,1,45
1703,Y6567124627134752807,2,44
1704,Y6567400462955070484,1,53
1705,Y6570263457244158866,1,56
1706,Y6579723822084511157,2,46
1707,Y6613320814195876351,2,49
1708,Y6625228507494597947,2,30
1709,Y6628046841367956558,2,52
1710,Y6628111007855930700,2,53
1711,Y6649129563492465064,1,63
1712,Y6670318470156218088,2,51
1713,Y6673749445360880153,1,84
1714,Y6675515959647672388,1,50
1715,Y6686024753316708591,2,69
1716,Y6696816781892987743,1,62
1717,Y6698228315500934570,2,48
1718,Y6699270705586457385,2,46
1719,Y6702748270620788805,2,54
1720,Y6703344515721051128,2,39
1721,Y6705340509372570555,1,47
1722,Y6705554295608640836,2,31
1723,Y6725622755041552008,2,88
1724,Y6744118406758601717,2,68
1725,Y6764442020275133010,1,58
1726,Y6788662954794034512,1,72
1727,Y6789537436088996268,2,65
1728,Y6799698194370998624,2,46
1729,Y6803017584837780185,1,69
1730,Y6804294147920251408,1,52
1731,Y6805756445175498873,2,51
1732,Y6807097536240378400,2,45
1733,Y6809260096106426470,1,33
1734,Y6812314248966326856,2,67
1735,Y6818132691288907247,2,86
1736,Y6833444005633850642,1,51
1737,Y6835358592576075433,1,50
1738,Y6837592418131627821,1,50
1739,Y6844348385996005178,2,44
1740,Y6847102525225936286,1,60
1741,Y6877485367489552587,1,49
1742,Y6900005730444585131,2,63
1743,Y6944297225191586374,2,37
1744,Y6951146293799162393,2,42
1745,Y6957046578225412972,1,89
1746,Y6971363263891671978,1,55
1747,Y6971754261593724683,2,78
1748,Y6972854289397088283,1,32
1749,Y6974711977326633571,1,67
1750,Y6986103645811939146,1,33
1751,Y6992303911095855492,2,72
1752,Y6994725979556734910,2,82
1753,Y7000172030829330146,2,75
1754,Y7002973153572004349,1,45
1755,Y7012599018740137203,1,39
1756,Y7033618603311048973,2,64
1757,Y7034518589126003745,1,70
1758,Y7038295002126712869,1,28
1759,Y7047312482354242184,1,65
1760,Y7056921086352853887,1,38
1761,Y7072649982279439060,2,38
1762,Y7109966169593436105,1,52
1763,Y7118700994762640164,1,49
1764,Y7134767015892633609,1,52
1765,Y7135368825635237666,1,35
1766,Y7140878276456249765,1,70
1767,Y7141797492199896303,1,58
1768,Y7143330132395046058,2,41
1769,Y7145895492537318421,2,50
1770,Y7146563970278866184,1,70
1771,Y7147210749383805906,2,34
1772,Y7162304758233152102,2,28
1773,Y7170005945460657081,2,65
1774,Y7170265924273196757,2,38
1775,Y7175374035023869315,1,38
1776,Y7185510504488456708,1,47
1777,Y7186265407421910697,2,63
1778,Y7194101688081827373,1,62
1779,Y7203106304902611582,1,45
1780,Y7208925652478341261,1,65
1781,Y7220067877809688176,2,44
1782,Y7222973650441865137,1,53
1783,Y7232528556284275639,2,45
1784,Y7253025006706695263,1,71
1785,Y7277769030775532958,1,57
1786,Y7280630607652891052,2,66
1787,Y7291928407709632678,2,54
1788,Y7293756593553235166,2,58
1789,Y7308934405816069799,1,50
1790,Y7313207295168515233,2,57
1791,Y7315538021584993539,2,62
1792,Y7333028892762031001,1,75
1793,Y7336506418472716115,2,54
1794,Y7337703186054445561,1,45
1795,Y7340046859204237574,1,60
1796,Y7350624344478070232,2,38
1797,Y7355817375780553659,1,46
1798,Y7382935527486057201,1,37
1799,Y7391337814257502820,1,55
1800,Y7391787764591301930,2,66
1801,Y7400815464955162498,1,27
1802,Y7442564863724740699,1,56
1803,Y7465980796774461984,2,40
1804,Y7468666815168967326,2,74
1805,Y7499421410581806551,1,41
1806,Y7499905132603894553,1,37
1807,Y7507891326571036669,1,44
1808,Y7509080100125744301,2,56
1809,Y7515887435288615712,1,78
1810,Y7516679128081899704,1,25
1811,Y7517007615891622584,2,40
1812,Y7527719386433258647,2,62
1813,Y7548947657654834724,1,52
1814,Y7568266633430278195,2,58
1815,Y7579088697137372400,1,48
1816,Y7582534117967252092,2,40
1817,Y7583081376384797379,1,60
1818,Y7583632574166535563,2,31
1819,Y7585398196300420118,2,68
1820,Y7596290156592772121,2,48
1821,Y7610298140810042085,1,31
1822,Y7613830522303182561,1,61
1823,Y7614773690778870961,1,37
1824,Y7638543015302676906,2,56
1825,Y7643661815725883097,2,34
1826,Y7646587040048502182,1,50
1827,Y7650233602388758327,1,70
1828,Y7669187291382719076,2,45
1829,Y7685069471178538271,2,54
1830,Y7695733644307577624,1,73
1831,Y7697528249964980528,2,31
1832,Y7723181130958967455,1,62
1833,Y7723958801773323580,2,78
1834,Y7727707698868620321,1,65
1835,Y7735759745149357089,2,43
1836,Y7738389906956404172,2,35
1837,Y7757290349131752783,2,62
1838,Y7757803171205863885,2,34
1839,Y7765449931607189098,1,56
1840,Y7790483197177313550,2,31
1841,Y7791115706354177638,1,58
1842,Y7794063458142857653,1,48
1843,Y7808582974846719373,2,50
1844,Y7819032555786304729,1,70
1845,Y7822628455141599636,2,56
1846,Y7825584341617059378,1,60
1847,Y7833505890135645522,1,75
1848,Y7836150107838384928,1,65
1849,Y7839515214975003451,1,39
1850,Y7843007798708628109,2,48
1851,Y7887059783447159013,1,58
1852,Y7892059919888511647,1,38
1853,Y7892687882666572458,1,41
1854,Y7894737437758398718,1,36
1855,Y7910971352761807933,2,47
1856,Y7914270153684977071,1,32
1857,Y7930186835226764663,1,89
1858,Y7958495679973148543,2,51
1859,Y7963869115567600645,2,55
1860,Y7973967247047166529,1,36
1861,Y7975937785068175150,2,36
1862,Y7986102974061594796,1,56
1863,Y7993630372703935726,1,57
1864,Y8001321078569382789,2,72
1865,Y8009662390545355689,2,47
1866,Y8010977067961993668,2,56
1867,Y8024313768245063028,1,36
1868,Y8031809922554667739,2,34
1869,Y8034501945943617757,2,57
1870,Y8035901391112166394,1,54
1871,Y8041283551610325706,1,30
1872,Y8054635167423122763,2,51
1873,Y8060816867300905595,2,71
1874,Y8074813728224946034,1,53
1875,Y8084454671963709001,2,29
1876,Y8101286501226157659,1,43
1877,Y8111099431761198582,1,57
1878,Y8130515458519786186,2,54
1879,Y8133908728360041251,2,45
1880,Y8133979987697508114,2,35
1881,Y8151374539601212265,1,57
1882,Y8153324027474959581,2,68
1883,Y8154571170605433526,1,26
1884,Y8154865721827538015,2,75
1885,Y8157824128191141411,1,58
1886,Y8164946013851830568,1,70
1887,Y8172019365949089395,1,84
1888,Y8182820902800601822,2,59
1889,Y8190867572215572527,2,47
1890,Y8193562273355793367,1,84
1891,Y8194678813049574885,2,77
1892,Y8200702232826950317,1,36
1893,Y8201044165839288648,2,52
1894,Y8208891136489690033,1,46
1895,Y8218473664069969734,1,69
1896,Y8228086438598631465,1,78
1897,Y8237685114933457531,2,88
1898,Y8262041536179314020,1,55
1899,Y8275110016269845342,2,40
1900,Y8317893345430872108,1,52
1901,Y8322002827612261506,1,42
1902,Y8330865540772093717,2,39
1903,Y8332392175262871912,1,31
1904,Y8339714243883866293,1,53
1905,Y8345649441805096968,1,31
1906,Y8357144841864312326,1,82
1907,Y8363100229506288651,1,57
1908,Y8374511893374035011,2,47
1909,Y8392635190768381373,1,60
1910,Y8394202947666597997,1,83
1911,Y8394458602237210821,1,39
1912,Y8413108901668824504,2,36
1913,Y8431328089867404283,2,71
1914,Y8458516181368583586,1,87
1915,Y8461022336202767663,2,66
1916,Y8461414808197219894,1,51
1917,Y8466378882568326909,1,53
1918,Y8476142566138987735,2,25
1919,Y8480673957803000700,2,49
1920,Y8485465623721498749,1,39
1921,Y8493241275876466875,1,37
1922,Y8497359613583037622,1,70
1923,Y8500790320551684090,1,65
1924,Y8503531678444273064,1,58
1925,Y8523241158998654291,2,44
1926,Y8537356141204830958,2,74
1927,Y8546542161854287303,2,32
1928,Y8566094022031886213,2,55
1929,Y8584439827650276683,1,75
1930,Y8595603633158306365,1,43
1931,Y8601999513499516081,2,66
1932,Y8626791340051708039,2,34
1933,Y8630426129995567745,2,63
1934,Y8631216687941063002,1,71
1935,Y8657928033910305018,2,88
1936,Y8659189423801432942,1,65
1937,Y8691037283092060496,1,67
1938,Y8693382545780040547,2,53
1939,Y8696862146880151618,1,32
1940,Y8701767641967628096,2,63
1941,Y8702634169880250032,1,86
1942,Y8710203905504026636,2,57
1943,Y8717703648114187162,2,48
1944,Y8727452605037025412,1,42
1945,Y8758410802603145157,2,35
1946,Y8766535331813214944,1,58
1947,Y8810964551608648397,2,52
1948,Y8819355479204351321,1,58
1949,Y8821041736820439798,2,53
1950,Y8824504270794341858,2,54
1951,Y8828604787445532173,2,41
1952,Y8845312458086382016,1,62
1953,Y8848969647177590065,1,53
1954,Y8854558505012751767,1,52
1955,Y8887436978854411641,1,72
1956,Y8887736319555395453,2,52
1957,Y8907821805717427026,2,34
1958,Y8911728879978712618,2,40
1959,Y8915228006596682318,1,36
1960,Y8922039552388991516,1,39
1961,Y8924990316361945338,1,50
1962,Y8926028030545140833,2,69
1963,Y8946115732391827606,2,61
1964,Y8947578598037232324,1,69
1965,Y8948422459348416622,1,64
1966,Y8996123880179935721,1,82
1967,Y8996145084197371959,2,56
1968,Y9012026143487879206,2,67
1969,Y9018416491725065971,1,40
1970,Y9027551742239405789,2,56
1971,Y9036303097000880027,1,53
1972,Y9037370780599024859,1,35
1973,Y9040713017735299556,2,55
1974,Y9055047575934023039,1,61
1975,Y9056121299138274495,1,73
1976,Y9089490070489796004,1,68
1977,Y9090645599903848946,2,33
1978,Y9096363224445358592,2,78
1979,Y9097229534147420264,2,73
1980,Y9105682526047271269,2,81
1981,Y9108275803189916003,1,65
1982,Y9109756866971494702,1,41
1983,Y9110632481067346149,2,54
1984,Y9119582575700018699,1,44
1985,Y9124103536528591962,2,50
1986,Y9125059031177509047,1,43
1987,Y9126128491949967285,1,74
1988,Y9138060787173192882,2,42
1989,Y9140856072451309510,1,68
1990,Y9144321521956199145,2,43
1991,Y9153243936309408732,1,50
1992,Y9162920100890872630,2,39
1993,Y9164594422746599633,1,46
1994,Y9180567206231416881,2,43
1995,Y9181513434793472471,1,45
1996,Y9182798377373211876,1,41
1997,Y9212450030016052600,2,54
1998,Y9218641984009740630,1,46
1999,Y9222402642167019485,2,63
